{"threshold": 0.5000000000000002, "accuracy": 0.8069552874378992}