{"threshold": 0.5500000000000003, "accuracy": 0.8062455642299503}